{
	"game": "Final Fantasy",
	"series": "Final Fantasy",
	"year": 1987,
	"status": "ready",
	"source": "https://archive.rpgamer.com/games/ff/ff1/info/ff1_script.txt",
	"sourceFeatures":{
		"type": "fan transcript",
		"completeness": "complete",
		"dialogueOrder": true,
		"choices": "NA"
	},
    "error checks": {
        "truePositive_numTestsDone": "5",
        "truePositive_numParsingErrors": "0",
        "truePositive_numSourceErrors": "0",
        "truePositive_notes": "N/A",
    
        "falsePositive_numTestsDone": "5",
        "falsePositive_numErrors": "0",
        "falsePositive_notes":"N/A"
    },
	"parserParameters": {
		"parser":"FF1Parser",
		"fileType":".txt",
		"startText": "~~~~~~~~~~~~~~~~~",
		"endText": "Author's Notes"
	},
	"notes": "See README",
	"mainPlayerCharacters": [],
	"characterGroups": {
		"male": [
			"Man 1",
			"Man 10",
			"Man 11",
			"Man 12",
			"Man 13",
			"Man 14",
			"Man 15",
			"Man 16",
			"Man 17",
			"Man 18",
			"Man 19",
			"Man 2",
			"Man 20",
			"Man 21",
			"Man 3",
			"Man 4",
			"Man 5",
			"Man 6",
			"Man 7",
			"Man 8",
			"Man 9",
			"Sage",
			"Dwarf",
			"Old Man",
			"Guard 1",
			"Guard 2",
			"Guard 3",
			"Guard 4",
			"Guard 5",
			"Guard 6",
			"Scholar",
			"Bikke",
			"King",
			"Dr. Unne",
			"Dr. Unne's Brother",
			"Prince",
			"Nerrick",
			"Smith",
			"Grounds Keeper",
			"Garland",
			"Pirate",
			"Young Man",
			"Kope",
			"Soldier",
			"Old Sage",
			"Sage Before Lukahn",
			"Lukahn",
			"Jim The Dwarf",
			"Sarda",
			"Vampire",
			"Astos",
			"Elf Prince",
			"King Of Coneria",
			"Queen's Guard",
			"Boy",
			"Titan",
			"First Officer",
            "Bahamut"],
		"female": [
			"Mermaid 1",
			"Mermaid 10",
			"Mermaid 11",
			"Mermaid 2",
			"Mermaid 3",
			"Mermaid 4",
			"Mermaid 5",
			"Mermaid 6",
			"Mermaid 7",
			"Mermaid 8",
			"Mermaid 9",
			"Woman 1",
			"Woman 2",
			"Woman 3",
			"Woman 4",
			"Woman 5",
			"Woman 6",
			"Woman 7",
			"Woman 8",
			"Young Woman",
			"Matoya",
			"Princess",
			"Witch",
			"Queen Jane",
			"Lady",
			"Elderly Lady",
			"Underhill's Daughter",
			"Kary",
			"Old Woman",
			"Elderly Woman",
			"Arylon",
			"Princess's Sister"
			],
		"neutral": [
			"Elf",
			"Dragon",
			"Person 1",
			"Person 2",
			"Person 3",
			"Person 4",
			"Person 5",
			"Person 6",
			"Person 7",
			"Person 8",
			"Citizen 1",
			"Citizen 2",
			"Citizen 3",
			"Citizen 4",
			"Person 1",
			"Person 2",
			"Person 3",
			"Person 4",
			"Person 5",
			"Person 6",
			"Person 7",
			"Person 8",
			"Bat",
			"Robot",
			"Attendant",
			"Guard Dragon",
			"Kraken",
			"Fairy",
			"Broom",
			"Computer"
			]
	},
	"aliases": {
		"Dr.Unne":"Dr. Unne",
		"Oldman":"Old Man",
		"Princess' Sister": "Princess's Sister"
	}
}
