{
    "Warrior (Fighter)": "!Warrior (Fighter)",
    "Thief": "!Thief",
    "Monk (Black Belt)": "!Monk (Black Belt)",
    "Red Mage": "!Red Mage",
    "White Mage": "!White Mage",
    "Black Mage": "!Black Mage",
    "Chaos": "!Chaos",
    "Lich": "!Lich",
    "Marilith (Kary)": "Kary",
    "Tiamat": "!Tiamat",
    "Chronodia": "!Chronodia",
    "Princess Sarah": "!Princess Sarah",
    "Prince of Elfheim": "Elf",
    "Lukahn the Sage": "Lukahn",
    "Cid of the Lufaine": "!Cid of the Lufaine"
}