{
    "In General": "!In General",
    "Terra Branford": "Terra",
    "Locke Cole": "Locke",
    "Edgar Roni Figaro": "Edgar",
    "Sabin Rene Figaro": "Sabin",
    "Celes Chere": "Celes",
    "Cyan Garamonde": "Cyan",
    "Setzer Gabbiani": "Setzer",
    "Strago Magus": "Strago",
    "Relm Arrowny": "Relm",
    "Biggs and Wedge": "!Biggs and Wedge",
    "????? (The Ghost)": "!????? (The Ghost)",
    "General Leo Cristophe": "Leo",
    "Cid Del Norte Marquez": "Cid",
    "Duncan Harcourt": "Duncan",
    "Darill": "!Darill",
    "Siegfried": "!Siegfried",
    "Maduin and Madeline": "!Maduin and Madeline",
    "Emperor Gestahl": "Gestahl",
    "The Warring Triad": "!The Warring Triad",
    "The Eight Dragons": "!The Eight Dragons",
    "Humbaba": "!Humbaba",
    "Deathgaze": "!Deathgaze",
    "Vargas Harcourt": "Vargas",
    "The Elder": "Elder",
    "Valigarmanda/Tritoch": "!Valigarmanda/Tritoch",
    "Ifrit and Shiva": "!Ifrit and Shiva"
}